field,weight
Tasks,0.2016842548871232
Description,0.10210320642916487
Skills,0.006271551372931259
Ofc_Title,0.3940857582990539
Alt_Titles,0.28978310958980824
Tools,0.006072119421918543
